repositorio,arquivo,conteudo
3scale_porta,activation_story.txt,In order to allow only users with valid emails to sign in They have to activate themselves first
3scale_porta,cinstances_story.txt,In order to manage my clients As a provider I want to see and edit details about them
3scale_porta,index_13_story.txt,"As a provider, I want to see a list of my customers' service subscriptions that is searchable and filterable"
3scale_porta,update_story.txt,As a provider user I'd like to update the notification preferences page correctly
AgileVentures_LocalSupport,admin_promoting_site_story.txt,As a site superadministrator So that people recognize our brand I want to have the site name displayed prominently Tracker story ID: https://www.pivotaltracker.com/story/show/50372317
AgileVentures_LocalSupport,category_import_story.txt,As a Site Super Admin So that Organisations can be categorized in accordance with governmental designations I want to import external lists of Categories and associate them with Organisations
AgileVentures_LocalSupport,edit_donation_info_story.txt,As a charity worker So that I can attract funding I want to encourage local people to donate (charity worker can update a link to where they accept donations) Tracker story: https://www.pivotaltracker.com/s/projects/742821/stories/45405077
AgileVentures_LocalSupport,edit_own_charity_profile_story.txt,As a charity worker So that I can increase my charity's visibility I want to edit my charity's web page (description and contact details) Tracker story ID: https://www.pivotaltracker.com/story/show/45671099
alphagov_whitehall,policy-groups_story.txt,"As a citizen: I want to be able to follow a link from policy documents to the profile of any groups who are influencing the policy So I can see how outside experts and stakeholders are involved in making the policy Done means: - It is possible to create 'Policy groups' and associate them to policies - multiple policy groups can be associated to a single policy - doing so results in a line of metadata on the policy page, below the one for a policy team, which reads ""Groups: [Title of group as a link]"" with the +others JavaScript behaviour for multiple items. - An group page comprises: - Title - Summary - Description (markdown field) - Contact email - Attachments (placed inline using markdown) - consistent with the policy teams design, the H2s are pulled out into a contents list as anchor links"
alphagov_whitehall,review_reminder_story.txt,In order to allow publishers to maintain content An editor Should be able to set and edit a review date for a document
alphagov_whitehall,topical_events_story.txt,As an editor I want to be able to create and publish topical events So that I can communicate about them
alphagov_whitehall,unwithdrawing-withdrawn-documents_story.txt,As a Managing Editor I can unwithdraw withdrawn documents So that I can adjust them with banners or annotations and withdraw them again
api-platform_core,absolute_url_story.txt,In order to add detail to IRIs Include the absolute url
api-platform_core,collection_attributes_story.txt,In order to use the JSON API hypermedia format As a client software developer I need to be able to retrieve valid JSON API responses for collection attributes on entities.
api-platform_core,input_output_2_story.txt,In order to use the API As a client software developer I need to be able to use DTOs on my resources as Input or Output objects.
api-platform_core,numeric_filter_story.txt,In order to retrieve ordered large collections of resources As a client software developer I need to retrieve collections with numerical value
billabear_billabear,confirm_email_story.txt,In order to use the system with my personal configuration As a user I need to be able to confirm I gave a valid email during sign up
billabear_billabear,create_product_1_story.txt,In order to bill for products As an APP user I need to be create a product
billabear_billabear,generate_for_payment_story.txt,In order to manage a payments As an APP user I need to be see all the payments
billabear_billabear,limit_customer_story.txt,In order to manage a customer's subscriptions As an APP user I need to be see customer's Subscription
camptocamp_oerpscenario,account_bank_statement_story.txt,In order to test the invoicing process and modules I want to see if the basic bank statement features works
camptocamp_oerpscenario,sale_story.txt,In order to test the sale process and modules As an administator I want to see if the sales features and workflow work well
camptocamp_oerpscenario,samples_story.txt,In order to show you how to work with OERPScenario I want to illustrate the basics behaviors
camptocamp_oerpscenario,x04_bank_accounts_story.txt,(THIS AUTOMATICALY GENERATE FINANCIAL JOURNALS TO AMEND/COMPLETE ON NEXT SCENARIO)
Cocolabs-SAS_cocorico,Breadcrumb_story.txt,As a user I want to check my breadcrumbs
Cocolabs-SAS_cocorico,ListingSearch_story.txt,As a user i want to find listing so that i can rent it
Cocolabs-SAS_cocorico,Message_story.txt,"As a user i want to send, consult and reply to a message"
Cocolabs-SAS_cocorico,Review_story.txt,As a user i want to show and add rates and reviews
coreshop_CoreShop,country_condition_2_story.txt,In order to extend my catalog The catalog has a price-rule for a country I want to create a new product
coreshop_CoreShop,discount_percent_action_tax_100_and_free_shipping_and_gross_values_story.txt,"In order to give the customer discounts based on the cart, we add a new rule with a 100% discount and free shipping"
coreshop_CoreShop,discount_percent_gross_action_story.txt,"In order to give the customer discounts based on the cart, we add a new rule"
coreshop_CoreShop,not_discountable_discount_amount_action_story.txt,"In order to give the customer discounts based on the cart, we add a new rule"
cross-solution_YAWIK,apply_story.txt,In order to start working As a user I should be able to apply a job
cross-solution_YAWIK,insert_story.txt,In order to post a job As an admin I should able to add new organization
cross-solution_YAWIK,login_story.txt,In order to apply job As a Visitor I want to be able to log in to Yawik
cross-solution_YAWIK,update_2_story.txt,In order to post a job As a recruiter I should able to update my organization
DataDog_datadog-api-client-typescript,dora_metrics_story.txt,"Search, send, or delete events for DORA Metrics to measure and improve your software delivery performance. See the [DORA Metrics page](https://docs.datadoghq.com/dora_metrics/) for more information. **Note**: DORA Metrics are not available in the US1-FED site."
DataDog_datadog-api-client-typescript,gcp_integration_1_story.txt,Configure your Datadog-Google Cloud Platform (GCP) integration directly through the Datadog API. Read more about the [Datadog-Google Cloud Platform integration](https://docs.datadoghq.com/integrations/google_cloud _platform).
DataDog_datadog-api-client-typescript,logs_custom_destinations_story.txt,Custom Destinations forward all the logs ingested to an external destination.  **Note**: Log forwarding is not available for the Government (US1-FED) site. Contact your account representative for more information. See the [Custom Destinations Page](https://app.datadoghq.com/logs/pipelines/log-forwarding/custom- destinations) for a list of the custom destinations currently configured in web UI.
DataDog_datadog-api-client-typescript,service_level_objectives_1_story.txt,"[Service Level Objectives](https://docs.datadoghq.com/monitors/service_lev el_objectives/#configuration) (SLOs) are a key part of the site reliability engineering toolkit. SLOs provide a framework for defining clear targets around application performance, which ultimately help teams provide a consistent customer experience, balance feature development with platform stability, and improve communication with internal and external users."
engineyard_rails_dev_directory,admin_services_story.txt,As an Engine Yard administrator I want to be able to add and remove services So that I can adapt the system to new tech types as they are required without modifying code
engineyard_rails_dev_directory,admin_top_cities_story.txt,In order to choose what top cities appear in the top cities section As an admin I want to be able to add top cities
engineyard_rails_dev_directory,dashboard_story.txt,As a Provider I want to see my account overview on the dashboard So that when I login I can see information that is important to me without digging for it
engineyard_rails_dev_directory,pages_story.txt,As an Engine Yard administrator I want to add pages So that I can add static content to the site
FinAegis_core-banking-prototype-laravel,basket_management_story.txt,In order to diversify my holdings As a bank customer I need to be able to create and manage basket assets
FinAegis_core-banking-prototype-laravel,batch_processing_story.txt,In order to efficiently handle bulk operations As a system administrator I need to execute batch operations with proper error handling and compensation
FinAegis_core-banking-prototype-laravel,financial_institutions_application_story.txt,In order to partner with FinAegis As a financial institution I need to be able to submit a partnership application
FinAegis_core-banking-prototype-laravel,governance_voting_story.txt,In order to participate in platform governance As a stakeholder I need to be able to create and vote on proposals
GSA_search-gov,admin_center_clicks_and_queries_story.txt,"In order to see the correlation between user queries and clicked URLs As a site customer I want to see top clicked URLs, the queries that led to them, and the clicked URLs that came from those queries"
GSA_search-gov,bulk_affiliate_styles_upload_story.txt,In order to give affiliates the ability to submit a file of URLs for indexing As an admin I want to upload a file containing Affiliate Styles
GSA_search-gov,odie_url_source_update_story.txt,In order to meet customer needs As an admin I want to update the source of all of a specific affiliate's indexed documents from rss to manual
GSA_search-gov,search_elastic_story.txt,In order to get results directly form elasticsearch As a site visitor to a site using the SearchElastic search engine I want to be able to search an site using the SearchElastic search engine
inventorypapa_free-dropshipping-automation-software,browsing_inventory_story.txt,In order to see all tracked product variants As an Administrator I want to be able to browse tracked product variants
inventorypapa_free-dropshipping-automation-software,product_review_validation_1_story.txt,In order to avoid making mistakes when managing a product review As an Administrator I want to be prevented from adding it without specifying required fields
inventorypapa_free-dropshipping-automation-software,seeing_orders_statistics_on_customer_details_page_story.txt,"In order to know how many orders a customer has placed, and what's their total value As an Administrator I want to be able to see orders statistics of customer on their details page"
inventorypapa_free-dropshipping-automation-software,sorting_payment_methods_by_position_story.txt,In order to change the order by which payment methods are displayed As an Administrator I want to sort payment methods by their positions
irontec_ivozprovider,getExternalCallFilterBlackList_story.txt,In order to manage external call filter black lists As a client admin I need to be able to retrieve them through the API.
irontec_ivozprovider,postHuntGroupMember_story.txt,In order to manage hunt groups rel users As a client admin I need to be able to create them through the API.
irontec_ivozprovider,removeDomains_2_story.txt,In order to manage domains as a super admin I should not be able to delete them through the API.
irontec_ivozprovider,removeSpecialNumber_1_story.txt,In order to manage special numbers as a super admin I need to be able to delete them through the API.
IRPTeam_IRP,_00503TaxRatesCatalog_story.txt,As an owner I want to fill out information on the company To further use it when reflecting in the program of business processes
IRPTeam_IRP,_00505CurrencyMovementType_story.txt,As an owner I want to fill out information on the company To further use it when reflecting in the program of business processes
IRPTeam_IRP,_00509PaymentTermsCatalog_story.txt,As an owner I want to fill out information on the company To further use it when reflecting in the program of business processes
IRPTeam_IRP,_0296Unbundling_story.txt,"As a sales manager I want to create Unbundling For sale of products from a Bundle separately Variables: import ""Variables.feature"""
karma-runner_karma,cli_story.txt,In order to use Karma As a person who wants to write great tests I want command line interface to provide help and useful errors.
karma-runner_karma,headers_story.txt,In order to use Karma As a person who wants to write great tests I want to Karma to send custom headers on files sent.
karma-runner_karma,launcher-error_story.txt,In order to use Karma As a person who wants to write great tests I want Karma to output stderr if a browser fails to connect.
karma-runner_karma,tag_story.txt,In order to use Karma As a person who wants to write great tests I want to add a JavaScript version tag in Firefox only.
ledgersmb_LedgerSMB,chart-of-accounts_story.txt,As a LedgerSMB user I want to be able to view the chart of accounts and change the properties of an account and a heading. I want to be able to use an existing account as the basis for creating a new account.
ledgersmb_LedgerSMB,in-arrears-purchase_story.txt,In case inventory is sold short - which can both happen when the true sequence is to sell before buy *or* when transactions are entered out-of-order during periodic bookkeeping - COGS should be posted as soon as the price of the goods is known. That condition is met the moment the purchase invoice is posted.
ledgersmb_LedgerSMB,login_story.txt,"In order to assess the further quality of the software, we want to assess the availability and correct operation of the functionality of logging in, both as an admin and as a user."
ledgersmb_LedgerSMB,search-batches_story.txt,"As a LedgerSMB user I want to be able to search for previously created voucher batches according to parameters which I specify, with the results presented as a list."
MetaMask_metamask-mobile,ColdStartToOnboardingScreenIOS_story.txt,This feature measures the cold start of the app when: The user installs the app for the very first time
MetaMask_metamask-mobile,NavigationControls_story.txt,"Use the browser controls at the bottom of the view to go back, forward, search, multi-browser tab view and home button. Given  the app displayed the splash animation And  I have imported my wallet And  I tap No Thanks on the Enable security check screen And  I tap No thanks on the onboarding welcome tutorial And  I navigate to the browser And  I have 1 browser tab displayed And  I am on Home MetaMask website When  I navigate to ""reddit.com"" Then  the browser view is on the ""https://www.reddit.com/"" website And  I tap on the back arrow control button Then  the browser view is on the ""https://portfolio.metamask.io/explore?MetaMaskEntry=mobile/"" website When  I tap on browser tab button with count 1 Then  multi browser tab view is displayed When  I tap on ""Add"" button on multi browser tab view Then  browser tab count is 2 When  I tap on browser tab button with count 2 And  I tap on ""Close All"" button on multi browser tab view Then  all browser tabs are closed"
MetaMask_metamask-mobile,RequestTokenFlow_story.txt,This feature goes through the request token flow
MetaMask_metamask-mobile,SendEthGasApiDown_story.txt,A user should be able to send ETH when the Gas API is down.
noosfero_noosfero,edit_block_of_links_story.txt,As a profile owner I want to edit a block of links
noosfero_noosfero,forum_story.txt,As a noosfero user I want to have one or mutiple forums
noosfero_noosfero,manage_enterprises_story.txt,As a enterprise owner I want to manage my enterprises
noosfero_noosfero,status_story.txt,As a user I want to add status for comments
parti-renaissance_espace-adherent,agoras_story.txt,In order to see and join Agoras I should be able to access API of Agoras
parti-renaissance_espace-adherent,scopes_story.txt,In order to get scopes of an adherent I should be able to request them via the API
parti-renaissance_espace-adherent,user_controller_donation_story.txt,In order to see donation as a user I should be able to see my donation in my account profile
parti-renaissance_espace-adherent,zones_story.txt,In order to see zones As a non logged-in user I should be able to access API zones
SFDigitalServices_sf-dahlia-web,custom_educator_listing_1_story.txt,As a web user I should be able to apply to Custom Educator Listing 1
SFDigitalServices_sf-dahlia-web,custom_educator_listing_2_story.txt,As a web user I should be able to apply to Custom Educator Listing 2
SFDigitalServices_sf-dahlia-web,nrhp_story.txt,"As a web user I should be able to claim ""Live in the Neighborhood"" while filling out a short form application In order to increase my chances of getting an affordable housing unit"
SFDigitalServices_sf-dahlia-web,sign_in_while_applying_story.txt,As a web user with an account I should be able to sign-in while filling out an application anonymously In order to associate my application with my account and reconcile any previous applications
sharetribe_sharetribe,admin_edits_welcome_email_story.txt,In order to have custom welcome email content tailored specifically for my community As an admin I want to be able to edit the welcome email content
sharetribe_sharetribe,search_story.txt,In order to find needed contents As a user I want to search listings by typing a keyword to search box and hitting enter
sharetribe_sharetribe,user_checks_inbox_story.txt,In order to view my received and sent messages As a user I want to be able to go to my inbox and view my messages
sharetribe_sharetribe,user_filters_listings_by_custom_fields_story.txt,In order to view only listings that match certain marketplace specific condition As a user I want to be able to easily select which listings are shown
Sylius_Sylius,choosing_province_for_country_story.txt,In order to address an order properly As a Visitor I want to be able to fill addressing details choosing country with provinces
Sylius_Sylius,returning_from_addressing_step_to_shop_homepage_story.txt,In order to return to shopping after checkout started As a Visitor I want to be able to go back to shop homepage from checkout addressing step
Sylius_Sylius,seeing_shipping_method_when_all_units_match_to_shipping_category_story.txt,In order to select correct shipping method for my order As a Customer I want to be able to choose only shipping methods that match shipping category of all my items
Sylius_Sylius,sorting_payment_methods_by_position_story.txt,In order to change the order by which payment methods are displayed As an Administrator I want to sort payment methods by their positions
uyuni-project_uyuni,min_bootstrap_negative_story.txt,In order to register only valid minions As an authorized user I want to avoid registration with invalid input parameters
uyuni-project_uyuni,min_config_state_channel_story.txt,In order to configure systems through Salt I want to be able to use the state channels
uyuni-project_uyuni,proxy_story.txt,In order to use a containerized proxy with the server As the system administrator I want to register the containerized proxy on the server
uyuni-project_uyuni,srv_create_fake_repositories_story.txt,In order to distribute software to the clients As an authorized user I want to create a fake repository per fake child channel
vegaprotocol_vega,0026-AUCT-029_story.txt,"run from the close of voting on the market proposal (assumed to pass successfully) until: the enactment time assuming there are orders crossing on the book, there is no need for the supplied liquidity to exceed a threshold to exit an auction: (0026-AUCT-029) And  the parties place the following orders: When  the network moves ahead ""50"" blocks Then  the trading mode should be ""TRADING_MODE_OPENING_AUCTION"" for the market ""BTC/ETH"" When  the network moves ahead ""52"" blocks Then  the trading mode should be ""TRADING_MODE_CONTINUOUS"" for the market ""BTC/ETH"""
vegaprotocol_vega,0032-PRIM-025_story.txt,"auction terminates with a trade from order that originally triggered the auction. (0032-PRIM-025) And  the market data for the market ""BTC/ETH"" should be: Given  the parties place the following orders: When  the network moves ahead ""1"" blocks Then  the trading mode should be ""TRADING_MODE_MONITORING_AUCTION"" for the market ""BTC/ETH"" And  the orders should have the following states: When  the network moves ahead ""1"" blocks Then  the trading mode should be ""TRADING_MODE_CONTINUOUS"" for the market ""BTC/ETH"" And  the mark price should be ""1050"" for the market ""BTC/ETH"" And  the orders should have the following states: And  the market data for the market ""BTC/ETH"" should be:"
vegaprotocol_vega,0068-MATC-073_story.txt,Incoming LIMIT: POST-ONLY TRUE orders will be placed fully on the book if no orders currently cross. (0068-MATC-073) And  the parties place the following orders: Then  the orders should have the following status:
vegaprotocol_vega,trading_fees_spot_story.txt,"the order can not be placed. When trade happens, holding asset is released:"
